round,loss,accuracy,precision,recall,f1_score,roc_auc,fpr
1,2.596102714538574,0.92,0.7894736842105263,1.0,0.8823529411764706,1.0,0.11428571102040827
2,2.67165470123291,0.92,0.7894736842105263,1.0,0.8823529411764706,1.0,0.11428571102040827
3,2.7732765674591064,0.92,0.7894736842105263,1.0,0.8823529411764706,1.0,0.11428571102040827
4,2.834641695022583,0.92,0.7894736842105263,1.0,0.8823529411764706,1.0,0.11428571102040827
5,2.8717691898345947,0.92,0.7894736842105263,1.0,0.8823529411764706,1.0,0.11428571102040827
6,2.914475202560425,0.92,0.7894736842105263,1.0,0.8823529411764706,1.0,0.11428571102040827
7,2.965939521789551,0.92,0.7894736842105263,1.0,0.8823529411764706,1.0,0.11428571102040827
8,3.032057285308838,0.92,0.7894736842105263,1.0,0.8823529411764706,1.0,0.11428571102040827
9,3.0790979862213135,0.92,0.7894736842105263,1.0,0.8823529411764706,1.0,0.11428571102040827
10,3.0672554969787598,0.92,0.7894736842105263,1.0,0.8823529411764706,1.0,0.11428571102040827
11,3.0288541316986084,0.92,0.7894736842105263,1.0,0.8823529411764706,1.0,0.11428571102040827
12,3.0324056148529053,0.92,0.7894736842105263,1.0,0.8823529411764706,1.0,0.11428571102040827
13,3.0524399280548096,0.94,0.8333333333333334,1.0,0.9090909090909091,1.0,0.0857142832653062
14,3.098454475402832,0.94,0.8333333333333334,1.0,0.9090909090909091,1.0,0.0857142832653062
15,3.1310150623321533,0.94,0.8333333333333334,1.0,0.9090909090909091,1.0,0.0857142832653062
